address,Batch,Number of PPs
0x13c0CE1b341Cc4f0efadA8093f6081AFF0Bfeb80,1,2
0x13c0CE1b341Cc4f0efadA8093f6081AFF0Bfeb80,2,1
0x13c0CE1b341Cc4f0efadA8093f6081AFF0Bfeb80,3,1
0x13c0CE1b341Cc4f0efadA8093f6081AFF0Bfeb80,4,1
0x13c0CE1b341Cc4f0efadA8093f6081AFF0Bfeb80,5,1
0x13c0CE1b341Cc4f0efadA8093f6081AFF0Bfeb80,6,3
0x0db19222F6f894bE3FDDa1Dc89fB4Bd97bECFcF5,1,2
0x0db19222F6f894bE3FDDa1Dc89fB4Bd97bECFcF5,2,2
0x0db19222F6f894bE3FDDa1Dc89fB4Bd97bECFcF5,3,2
0x0db19222F6f894bE3FDDa1Dc89fB4Bd97bECFcF5,4,2
0x0db19222F6f894bE3FDDa1Dc89fB4Bd97bECFcF5,5,2
0x0db19222F6f894bE3FDDa1Dc89fB4Bd97bECFcF5,6,2
0xdC96Dc73c2321400AeE24761Ce43F8C6eF33A10e,1,1
0xdC96Dc73c2321400AeE24761Ce43F8C6eF33A10e,2,1
0xdC96Dc73c2321400AeE24761Ce43F8C6eF33A10e,3,1
0xdC96Dc73c2321400AeE24761Ce43F8C6eF33A10e,4,1
0xdC96Dc73c2321400AeE24761Ce43F8C6eF33A10e,5,1
0xdC96Dc73c2321400AeE24761Ce43F8C6eF33A10e,6,1
0x00444f498Cb5112969a652a78235281182ff4876,1,1
0x00444f498Cb5112969a652a78235281182ff4876,3,1
0x2B87BBeA6f8dbDD861399E4c8930041fe2aE5AeC,1,1
0x2B87BBeA6f8dbDD861399E4c8930041fe2aE5AeC,2,1
0x2B87BBeA6f8dbDD861399E4c8930041fe2aE5AeC,3,7
0x2B87BBeA6f8dbDD861399E4c8930041fe2aE5AeC,4,6
0x2B87BBeA6f8dbDD861399E4c8930041fe2aE5AeC,5,6
0x2B87BBeA6f8dbDD861399E4c8930041fe2aE5AeC,6,1
0x2cb41daE86a2380E07bcCDcaba26f68e150aBD38,1,1
0x2cb41daE86a2380E07bcCDcaba26f68e150aBD38,2,2
0x2cb41daE86a2380E07bcCDcaba26f68e150aBD38,3,1
0x2cb41daE86a2380E07bcCDcaba26f68e150aBD38,4,1
0x2cb41daE86a2380E07bcCDcaba26f68e150aBD38,5,1
0x2cb41daE86a2380E07bcCDcaba26f68e150aBD38,6,1
0xD8b1d41A77f12Bb972Ead1b4c3503693F1Cd0560,1,7
0x3F01FA6e75f9d0477108F994400280b71915Bf56,1,2
0x3F01FA6e75f9d0477108F994400280b71915Bf56,2,1
0x3F01FA6e75f9d0477108F994400280b71915Bf56,3,3
0x3F01FA6e75f9d0477108F994400280b71915Bf56,4,1
0x3F01FA6e75f9d0477108F994400280b71915Bf56,5,3
0x3F01FA6e75f9d0477108F994400280b71915Bf56,6,2
0xE66b9c6b6363195E75F806bf5519e578F02114cE,1,6
0xE66b9c6b6363195E75F806bf5519e578F02114cE,2,6
0xE66b9c6b6363195E75F806bf5519e578F02114cE,3,6
0xE66b9c6b6363195E75F806bf5519e578F02114cE,4,7
0xE66b9c6b6363195E75F806bf5519e578F02114cE,5,6
0xE66b9c6b6363195E75F806bf5519e578F02114cE,6,12
0x5D9A1eCe4CC5092428bFf7Dd07f9AbA61D43cD2E,1,1
0x5D9A1eCe4CC5092428bFf7Dd07f9AbA61D43cD2E,3,1
0x5D9A1eCe4CC5092428bFf7Dd07f9AbA61D43cD2E,4,2
0x65Ea1984d8ce3A856750B469ee7aC7639070d65C,1,3
0x65Ea1984d8ce3A856750B469ee7aC7639070d65C,2,1
0x65Ea1984d8ce3A856750B469ee7aC7639070d65C,3,1
0x65Ea1984d8ce3A856750B469ee7aC7639070d65C,4,3
0x65Ea1984d8ce3A856750B469ee7aC7639070d65C,5,2
0x65Ea1984d8ce3A856750B469ee7aC7639070d65C,6,2
0xC169FD8055Ad90A4E40b4106b570D0d59db6A2d8,1,5
0xC169FD8055Ad90A4E40b4106b570D0d59db6A2d8,2,5
0xC169FD8055Ad90A4E40b4106b570D0d59db6A2d8,3,7
0xC169FD8055Ad90A4E40b4106b570D0d59db6A2d8,4,5
0xC169FD8055Ad90A4E40b4106b570D0d59db6A2d8,5,6
0xC169FD8055Ad90A4E40b4106b570D0d59db6A2d8,6,5
0x358C8B4836006235680367d70D9D148955b24154,1,3
0x358C8B4836006235680367d70D9D148955b24154,2,3
0x358C8B4836006235680367d70D9D148955b24154,3,3
0x358C8B4836006235680367d70D9D148955b24154,4,3
0x358C8B4836006235680367d70D9D148955b24154,5,3
0x358C8B4836006235680367d70D9D148955b24154,6,3
0x6c8B4961A165d561762bAA9ff9Ded6f98b5864f2,1,1
0x6c8B4961A165d561762bAA9ff9Ded6f98b5864f2,2,1
0xC89cE9F096DDb405359B22a4863a08e8828e88d7,1,2
0xD3d20F2D89922311F87Cd954691102f475833770,1,4
0xD3d20F2D89922311F87Cd954691102f475833770,2,3
0xD3d20F2D89922311F87Cd954691102f475833770,3,3
0xD3d20F2D89922311F87Cd954691102f475833770,4,3
0xD3d20F2D89922311F87Cd954691102f475833770,5,3
0xD3d20F2D89922311F87Cd954691102f475833770,6,5
0x6ffbb6C376d0cf590289671D652Ae92213614828,1,7
0x6ffbb6C376d0cf590289671D652Ae92213614828,2,6
0x6ffbb6C376d0cf590289671D652Ae92213614828,3,7
0x6ffbb6C376d0cf590289671D652Ae92213614828,4,6
0x6ffbb6C376d0cf590289671D652Ae92213614828,5,10
0x6ffbb6C376d0cf590289671D652Ae92213614828,6,7
0x056d952F9273B2C10A473cD8088BDFa355b10B6D,1,1
0x056d952F9273B2C10A473cD8088BDFa355b10B6D,2,1
0x056d952F9273B2C10A473cD8088BDFa355b10B6D,3,1
0x056d952F9273B2C10A473cD8088BDFa355b10B6D,4,1
0x056d952F9273B2C10A473cD8088BDFa355b10B6D,5,1
0x056d952F9273B2C10A473cD8088BDFa355b10B6D,6,1
0x69f47bb74b855Ada42237E82E65CD724764fabAa,1,1
0x69f47bb74b855Ada42237E82E65CD724764fabAa,2,1
0x69f47bb74b855Ada42237E82E65CD724764fabAa,3,1
0x69f47bb74b855Ada42237E82E65CD724764fabAa,4,1
0x69f47bb74b855Ada42237E82E65CD724764fabAa,5,1
0x69f47bb74b855Ada42237E82E65CD724764fabAa,6,1
0x237878E54e83896570D3614be4739E97449493a5,1,1
0x237878E54e83896570D3614be4739E97449493a5,2,1
0xDB54d5a9694bC7A45A3F8CA85c350d8753be082A,1,1
0xf28cD05A4d9C5dAb90C99983c996343F0DD006e2,1,1
0x44d19f3DA0FcB4b4dD4BaaAd77ad35E962f6B921,1,1
0x44d19f3DA0FcB4b4dD4BaaAd77ad35E962f6B921,2,1
0x44d19f3DA0FcB4b4dD4BaaAd77ad35E962f6B921,3,1
0x44d19f3DA0FcB4b4dD4BaaAd77ad35E962f6B921,4,1
0x44d19f3DA0FcB4b4dD4BaaAd77ad35E962f6B921,5,1
0x44d19f3DA0FcB4b4dD4BaaAd77ad35E962f6B921,6,1
0xFC961534a0A55b925dB2c5ee546c8A019c0D78d5,1,2
0xFC961534a0A55b925dB2c5ee546c8A019c0D78d5,2,2
0xFC961534a0A55b925dB2c5ee546c8A019c0D78d5,3,2
0xFC961534a0A55b925dB2c5ee546c8A019c0D78d5,4,2
0xFC961534a0A55b925dB2c5ee546c8A019c0D78d5,5,2
0xFC961534a0A55b925dB2c5ee546c8A019c0D78d5,6,2
0x95143aED1d9B06aEe7bC2C2ccAB41cdEAEeD8Ef2,1,3
0xd142aB6D8E7B3C7b2EfbDa250158cFA2b8680d63,1,11
0xd142aB6D8E7B3C7b2EfbDa250158cFA2b8680d63,2,6
0xd142aB6D8E7B3C7b2EfbDa250158cFA2b8680d63,3,6
0xd142aB6D8E7B3C7b2EfbDa250158cFA2b8680d63,4,3
0xd142aB6D8E7B3C7b2EfbDa250158cFA2b8680d63,5,3
0xd142aB6D8E7B3C7b2EfbDa250158cFA2b8680d63,6,4
0x0D9F101288550703244AB0FFF47Bc0A29559D947,1,1
0x0D9F101288550703244AB0FFF47Bc0A29559D947,2,1
0xF190A2b5bFE1f1EdfA32c8e841E883c5E2AB0Dc4,1,2
0x6125fD14b6790d5F66509B7aa53274c93dAE70B9,1,3
0x6125fD14b6790d5F66509B7aa53274c93dAE70B9,3,1
0x6125fD14b6790d5F66509B7aa53274c93dAE70B9,4,1
0x6125fD14b6790d5F66509B7aa53274c93dAE70B9,5,9
0x6125fD14b6790d5F66509B7aa53274c93dAE70B9,6,2
0x00aB97c782c661fb3D08C96dce06176938101211,1,3
0x00aB97c782c661fb3D08C96dce06176938101211,2,3
0x00aB97c782c661fb3D08C96dce06176938101211,3,3
0x00aB97c782c661fb3D08C96dce06176938101211,4,3
0x00aB97c782c661fb3D08C96dce06176938101211,5,3
0x00aB97c782c661fb3D08C96dce06176938101211,6,3
0x5ca642d0138f8fa36f4ec6311190825392246AdA,1,2
0x5ca642d0138f8fa36f4ec6311190825392246AdA,2,2
0x5ca642d0138f8fa36f4ec6311190825392246AdA,3,2
0x5ca642d0138f8fa36f4ec6311190825392246AdA,4,2
0x5ca642d0138f8fa36f4ec6311190825392246AdA,5,3
0x5ca642d0138f8fa36f4ec6311190825392246AdA,6,2
0x451785b3f5fbbbA2388D8cdeDEd58251B6999D91,1,1
0x9Baa8611E207914C49a369Cd15ceE3b14ad075c4,1,3
0x76CdC668B0257Eb5146203F61F3409541FeE6358,1,2
0x06F9e5F8F5c170B9EEce58676D932BcC398F52e5,1,5
0x06F9e5F8F5c170B9EEce58676D932BcC398F52e5,2,5
0x06F9e5F8F5c170B9EEce58676D932BcC398F52e5,3,5
0x06F9e5F8F5c170B9EEce58676D932BcC398F52e5,4,5
0x06F9e5F8F5c170B9EEce58676D932BcC398F52e5,5,5
0x06F9e5F8F5c170B9EEce58676D932BcC398F52e5,6,6
0xD02d64a0B7d0Fc0eE73C0EcF72E68321c6E704BF,1,1
0x546ACE3Eea396c1656867499b72741E414fe6116,1,1
0x546ACE3Eea396c1656867499b72741E414fe6116,2,1
0x546ACE3Eea396c1656867499b72741E414fe6116,3,1
0x546ACE3Eea396c1656867499b72741E414fe6116,4,2
0x546ACE3Eea396c1656867499b72741E414fe6116,5,1
0x546ACE3Eea396c1656867499b72741E414fe6116,6,1
0xcFA08a560D1964db69D5b12caFf55333c903BAD3,1,3
0x4dfEeD0bE6B9357583C4B1eA2979acf933DaE7dF,1,1
0x4dfEeD0bE6B9357583C4B1eA2979acf933DaE7dF,2,2
0x4dfEeD0bE6B9357583C4B1eA2979acf933DaE7dF,3,2
0x4dfEeD0bE6B9357583C4B1eA2979acf933DaE7dF,4,1
0x4dfEeD0bE6B9357583C4B1eA2979acf933DaE7dF,5,1
0x4dfEeD0bE6B9357583C4B1eA2979acf933DaE7dF,6,1
0x096E182e1e574A63324eac77a12ba0ae6F4A5E1a,1,1
0x096E182e1e574A63324eac77a12ba0ae6F4A5E1a,2,1
0x096E182e1e574A63324eac77a12ba0ae6F4A5E1a,3,1
0x096E182e1e574A63324eac77a12ba0ae6F4A5E1a,4,1
0x096E182e1e574A63324eac77a12ba0ae6F4A5E1a,5,1
0x096E182e1e574A63324eac77a12ba0ae6F4A5E1a,6,1
0x4533E03d983Fae04741131C5f7cB35F1b32A1ACD,1,1
0x4533E03d983Fae04741131C5f7cB35F1b32A1ACD,2,1
0x4533E03d983Fae04741131C5f7cB35F1b32A1ACD,3,1
0x4533E03d983Fae04741131C5f7cB35F1b32A1ACD,4,1
0x4533E03d983Fae04741131C5f7cB35F1b32A1ACD,5,1
0x4533E03d983Fae04741131C5f7cB35F1b32A1ACD,6,2
0xadEa3Af062Df0de0c29e67D001D0859cd738BCcD,1,4
0xadEa3Af062Df0de0c29e67D001D0859cd738BCcD,2,1
0xadEa3Af062Df0de0c29e67D001D0859cd738BCcD,3,1
0xadEa3Af062Df0de0c29e67D001D0859cd738BCcD,4,1
0xadEa3Af062Df0de0c29e67D001D0859cd738BCcD,5,1
0xadEa3Af062Df0de0c29e67D001D0859cd738BCcD,6,1
0x5944A50f736aA23a482E8618682B213f65D9E50a,1,1
0x9F1CfC94feC8826B7e546CB77b6f7C2707B2Bf98,1,1
0x9F1CfC94feC8826B7e546CB77b6f7C2707B2Bf98,2,1
0x9F1CfC94feC8826B7e546CB77b6f7C2707B2Bf98,3,1
0x9F1CfC94feC8826B7e546CB77b6f7C2707B2Bf98,4,1
0x9F1CfC94feC8826B7e546CB77b6f7C2707B2Bf98,5,1
0x9F1CfC94feC8826B7e546CB77b6f7C2707B2Bf98,6,1
0x0A886A3CDFF704d7ee9A083D4165299B27e6eD7e,1,1
0x1467E4395F401e72877A46EdEd3DE6bFD714C572,1,1
0x1467E4395F401e72877A46EdEd3DE6bFD714C572,2,2
0x1467E4395F401e72877A46EdEd3DE6bFD714C572,3,1
0x1467E4395F401e72877A46EdEd3DE6bFD714C572,4,10
0x1467E4395F401e72877A46EdEd3DE6bFD714C572,5,4
0x1467E4395F401e72877A46EdEd3DE6bFD714C572,6,5
0xc3b77ff6624E3b6904bdE69D3Fd0A4f7161Cf227,1,1
0xF5166c7c77f19d1Ca7FCef9D3580F3F75e2f144E,1,1
0xF5166c7c77f19d1Ca7FCef9D3580F3F75e2f144E,2,1
0xF5166c7c77f19d1Ca7FCef9D3580F3F75e2f144E,3,1
0xF5166c7c77f19d1Ca7FCef9D3580F3F75e2f144E,4,1
0x2C214951b9f9C66C9CE764E94775bf930720EaC4,1,1
0x2C214951b9f9C66C9CE764E94775bf930720EaC4,3,3
0xAC8b275b9ce0Fee06aBFB98ef20471A9E9dA56c4,1,1
0xc41C8053f399016200D7ef033918aC48C901eC14,1,1
0xA7C0E474A9F3207Db3F7ED86C994E2C8F144dbb1,1,2
0x9CF40f5fB40626E3B242049da8C7e013C0CddC19,1,2
0x9CF40f5fB40626E3B242049da8C7e013C0CddC19,2,2
0x9CF40f5fB40626E3B242049da8C7e013C0CddC19,3,2
0x9CF40f5fB40626E3B242049da8C7e013C0CddC19,4,2
0x9CF40f5fB40626E3B242049da8C7e013C0CddC19,5,2
0x9CF40f5fB40626E3B242049da8C7e013C0CddC19,6,6
0x5aF270304fc52cA1feea3357cF0Fe89CAEa5ECd9,1,2
0x5aF270304fc52cA1feea3357cF0Fe89CAEa5ECd9,2,5
0x5aF270304fc52cA1feea3357cF0Fe89CAEa5ECd9,3,4
0x5aF270304fc52cA1feea3357cF0Fe89CAEa5ECd9,4,4
0x5aF270304fc52cA1feea3357cF0Fe89CAEa5ECd9,5,4
0x5aF270304fc52cA1feea3357cF0Fe89CAEa5ECd9,6,2
0x9231bB34bc0a7c9bFd33C5456f8ed78e1B64d93A,1,1
0x9231bB34bc0a7c9bFd33C5456f8ed78e1B64d93A,2,1
0x9231bB34bc0a7c9bFd33C5456f8ed78e1B64d93A,3,1
0x9231bB34bc0a7c9bFd33C5456f8ed78e1B64d93A,4,1
0x9231bB34bc0a7c9bFd33C5456f8ed78e1B64d93A,5,1
0x9231bB34bc0a7c9bFd33C5456f8ed78e1B64d93A,6,1
0x5C9dE63470D0D6d8103f7c83F1Be4F55998706FC,1,1
0x4476ADbc2BAbA6B54c8e510981FA9eCD26Be3F73,1,4
0x4476ADbc2BAbA6B54c8e510981FA9eCD26Be3F73,2,2
0x4476ADbc2BAbA6B54c8e510981FA9eCD26Be3F73,3,4
0x4476ADbc2BAbA6B54c8e510981FA9eCD26Be3F73,4,1
0x4476ADbc2BAbA6B54c8e510981FA9eCD26Be3F73,5,3
0x4476ADbc2BAbA6B54c8e510981FA9eCD26Be3F73,6,2
0xB513cBaEF08372756b492d470B3fCA967EC93F56,1,1
0xB513cBaEF08372756b492d470B3fCA967EC93F56,2,1
0xB513cBaEF08372756b492d470B3fCA967EC93F56,3,1
0xB513cBaEF08372756b492d470B3fCA967EC93F56,4,1
0xB513cBaEF08372756b492d470B3fCA967EC93F56,5,2
0xB513cBaEF08372756b492d470B3fCA967EC93F56,6,1
0x615E8f1E0147eef5442F6CcEba898126eBD22b5C,1,4
0xe7Ba7B45a862eBFBe4199393abFE94a8DA1e62b2,1,1
0xe7Ba7B45a862eBFBe4199393abFE94a8DA1e62b2,2,1
0xe7Ba7B45a862eBFBe4199393abFE94a8DA1e62b2,3,1
0xaB0aDD3eBa5146F2cac45CCE42fb24a2A91a12CD,1,1
0xCed3FC4610761F79242D7D8A72FE86F3A1c626b4,1,1
0xD473781816837C7cd2FADC34E66F09786D2E2694,1,2
0xD473781816837C7cd2FADC34E66F09786D2E2694,2,2
0xD473781816837C7cd2FADC34E66F09786D2E2694,3,2
0xD473781816837C7cd2FADC34E66F09786D2E2694,4,2
0xD473781816837C7cd2FADC34E66F09786D2E2694,5,2
0xD473781816837C7cd2FADC34E66F09786D2E2694,6,2
0xde5e1554801DAD3C686e7BBc6EC03d493c07cC12,1,1
0xeEB072ecbe68bD123888A60cafD4c8C4fa02c65B,1,1
0xeEB072ecbe68bD123888A60cafD4c8C4fa02c65B,2,1
0xeEB072ecbe68bD123888A60cafD4c8C4fa02c65B,3,1
0xeEB072ecbe68bD123888A60cafD4c8C4fa02c65B,4,1
0xeEB072ecbe68bD123888A60cafD4c8C4fa02c65B,5,1
0xeEB072ecbe68bD123888A60cafD4c8C4fa02c65B,6,1
0xAd8C6cad4d9C7Aef18444982AE88b3eCa941dF58,1,2
0xAd8C6cad4d9C7Aef18444982AE88b3eCa941dF58,2,2
0xAd8C6cad4d9C7Aef18444982AE88b3eCa941dF58,3,2
0xAd8C6cad4d9C7Aef18444982AE88b3eCa941dF58,4,4
0xAd8C6cad4d9C7Aef18444982AE88b3eCa941dF58,5,2
0xAd8C6cad4d9C7Aef18444982AE88b3eCa941dF58,6,2
0x83D536038B9b1366c47A7d0D7FF6C9B129C92E83,1,1
0x83D536038B9b1366c47A7d0D7FF6C9B129C92E83,2,1
0x83D536038B9b1366c47A7d0D7FF6C9B129C92E83,3,1
0x83D536038B9b1366c47A7d0D7FF6C9B129C92E83,4,1
0x83D536038B9b1366c47A7d0D7FF6C9B129C92E83,5,2
0x83D536038B9b1366c47A7d0D7FF6C9B129C92E83,6,3
0x4077895A30d974D97B332fB08Fd556c8FD9c965E,1,1
0x22138A0CFf84952C018cbcBF5650149017d6b292,1,1
0x22138A0CFf84952C018cbcBF5650149017d6b292,2,1
0x22138A0CFf84952C018cbcBF5650149017d6b292,3,1
0x22138A0CFf84952C018cbcBF5650149017d6b292,4,1
0x22138A0CFf84952C018cbcBF5650149017d6b292,5,1
0x22138A0CFf84952C018cbcBF5650149017d6b292,6,1
0xBC9daa710A52320B708cb92F900AD428918cCF75,1,3
0xBC9daa710A52320B708cb92F900AD428918cCF75,2,1
0xFF332CcffBeA2F3b45C933063e308fe0FeAFA95d,1,1
0xFF332CcffBeA2F3b45C933063e308fe0FeAFA95d,2,1
0xFF332CcffBeA2F3b45C933063e308fe0FeAFA95d,3,1
0xFF332CcffBeA2F3b45C933063e308fe0FeAFA95d,4,1
0xFF332CcffBeA2F3b45C933063e308fe0FeAFA95d,5,1
0xFF332CcffBeA2F3b45C933063e308fe0FeAFA95d,6,1
0x8c211f3a399Fb4b4a9dd86A9C2234E195e997605,1,1
0x150B43888b42d00E72f6Fc1278286cA6293c0325,1,1
0xa0A8338295e07E11f118DDc8e3F604b84cDf791D,1,1
0xa5254C2Ad5a59e716cbf015B7b910e605ee30804,1,1
0xa5F94aC4202315d2186afc725fF380F283A06080,1,1
0x0e7854240f7760B0Af10619B689Ef10631b636a7,1,1
0x5786Ec177Be57110cec0cD1b742BDacD6e1fb42e,1,1
0x5786Ec177Be57110cec0cD1b742BDacD6e1fb42e,2,1
0x5786Ec177Be57110cec0cD1b742BDacD6e1fb42e,3,1
0x5786Ec177Be57110cec0cD1b742BDacD6e1fb42e,4,1
0x5786Ec177Be57110cec0cD1b742BDacD6e1fb42e,5,1
0x5786Ec177Be57110cec0cD1b742BDacD6e1fb42e,6,1
0x2E128BbAf2cf7F1523a434128D91c642C5C7efAd,1,2
0x2E128BbAf2cf7F1523a434128D91c642C5C7efAd,2,2
0x2E128BbAf2cf7F1523a434128D91c642C5C7efAd,3,2
0x2E128BbAf2cf7F1523a434128D91c642C5C7efAd,4,2
0x2E128BbAf2cf7F1523a434128D91c642C5C7efAd,5,2
0x2E128BbAf2cf7F1523a434128D91c642C5C7efAd,6,2
0xC73a0Ba657374dE66FeB4268F3D2ea5F4FbD5350,1,1
0x5C7Ab8A5f02ACC6Bb9d1F5304C588bF8472FfC86,1,1
0x2Bc99D8D665323aBB69d50339038d6ce723CB2d5,1,2
0x2265A92f7913efD161EFf0573b2597cdc192f3B8,1,1
0x71A15d2982135732bEEb4890C29D916f467bd78F,1,1
0xeE95e4cf086Fc80dF7Ae0F39DFC9EA53A3eAadcB,1,8
0xe4032666DefA5c9c44d5DE3A3778f31533FD4aa4,1,1
0x0cF598C6C6F7dD5f9646D9489e5BF857D2A5784d,1,1
0x658AD2d74eA37c989fB6CFa89Dfe73E82C46288a,1,1
0x658AD2d74eA37c989fB6CFa89Dfe73E82C46288a,2,1
0x658AD2d74eA37c989fB6CFa89Dfe73E82C46288a,3,1
0x658AD2d74eA37c989fB6CFa89Dfe73E82C46288a,4,1
0x8086b0d45Ad26B4bE9ada29aA5eE88D5abF88175,1,1
0xb0FabE3bCAC50F065DBF68C0B271118DDC005402,1,9
0xb0FabE3bCAC50F065DBF68C0B271118DDC005402,3,4
0x41a6ac7f4e4DBfFEB934f95F1Db58B68C76Dc4dF,1,1
0x41a6ac7f4e4DBfFEB934f95F1Db58B68C76Dc4dF,2,1
0x41a6ac7f4e4DBfFEB934f95F1Db58B68C76Dc4dF,3,1
0x41a6ac7f4e4DBfFEB934f95F1Db58B68C76Dc4dF,4,2
0x41a6ac7f4e4DBfFEB934f95F1Db58B68C76Dc4dF,5,1
0x41a6ac7f4e4DBfFEB934f95F1Db58B68C76Dc4dF,6,1
0x45234a781a9fD48570Fe41764a108D9Fb79629f6,1,1
0xdf9e2288b48176B1f4b12548815deCc09E9f2F79,1,1
0xdf9e2288b48176B1f4b12548815deCc09E9f2F79,2,1
0x862E7688780D935f01CceE10EeE5029a70143348,1,1
0x9002512b70b46fF6C674361790055c188a839dA8,1,2
0x3214e141bdAe08Be1f382A885cf3d2a448A5E780,1,1
0xd501e8bfc18E1E42524A3A7af71814b3F422771F,1,1
0x8D580265C37790F4c39ccaF398Adefd341B3Ca0b,1,1
0x8D580265C37790F4c39ccaF398Adefd341B3Ca0b,3,1
0x8D580265C37790F4c39ccaF398Adefd341B3Ca0b,4,1
0x8D580265C37790F4c39ccaF398Adefd341B3Ca0b,5,1
0x8D580265C37790F4c39ccaF398Adefd341B3Ca0b,6,1
0x867Fd0F8A1d55dDa0A594E3d54e8E3441D3563Bf,1,1
0xe885408fEAFEb5B14BDF89Ce84d0bB02333Cfe9b,1,1
0x161e282653B87d5d71fD15d0ca15966154C63259,1,1
0x161e282653B87d5d71fD15d0ca15966154C63259,2,1
0x161e282653B87d5d71fD15d0ca15966154C63259,3,1
0x161e282653B87d5d71fD15d0ca15966154C63259,4,4
0x161e282653B87d5d71fD15d0ca15966154C63259,5,2
0x161e282653B87d5d71fD15d0ca15966154C63259,6,15
0xf99C8873B972b4192e789F55AB954188D0d9A133,1,2
0x169945cf64ebd10139BF7B85C86Bf710947ac9fa,1,2
0x7788DAB2CFB8924fdF8a18099902270Fe7A500A5,1,1
0x02B2D6a3298a4B20aa4F7A0a57e920E9FC9aD864,1,1
0x02B2D6a3298a4B20aa4F7A0a57e920E9FC9aD864,3,1
0x02B2D6a3298a4B20aa4F7A0a57e920E9FC9aD864,4,1
0x6D1A3c6B3D1dF8D02D6Bcd564aEB6Fc729300767,1,1
0x374DcD0B1b574eb5C5988209ef3c742F71f0aA0d,1,1
0xFe0577f8c6851DfC0e80fE821E809DAd4a9Af3F3,1,2
0x9086181c1EE49cab7853c72eD639cC7DF4391206,1,1
0x200b0E0b2030c4F9fba3312C3C7505b9050aaFD6,1,1
0x7EDF2a96c8F1a502977bB2626789437A66162269,1,1
0x7EDF2a96c8F1a502977bB2626789437A66162269,2,1
0x6E6B3fdD05265eAd4a8718D11c506464Ed440c37,1,1
0x79E327F6901713842F82072bcc6EB7bF24e13Bcc,1,1
0x0ea63AB33e62235c576bE86249Da212a6aC90F29,1,1
0x50C48A100ABAF063A2402cEDb6846352A43E151F,1,1
0x7749876413881F2AbF4a196A01bF5C0E49958BAE,1,1
0x7749876413881F2AbF4a196A01bF5C0E49958BAE,2,1
0x7749876413881F2AbF4a196A01bF5C0E49958BAE,3,1
0x7749876413881F2AbF4a196A01bF5C0E49958BAE,4,1
0x7749876413881F2AbF4a196A01bF5C0E49958BAE,5,1
0x7749876413881F2AbF4a196A01bF5C0E49958BAE,6,2
0xcD10B32A0c41d25d83E84AddaFaAd88E4410C528,1,1
0xcD10B32A0c41d25d83E84AddaFaAd88E4410C528,2,1
0xcD10B32A0c41d25d83E84AddaFaAd88E4410C528,4,2
0xb61141e38b2f5DCaf15e82c628400F07d1bb2FCD,1,1
0x13D1df7cBCa9B818F7ccf1E5c73A6cc5DAa04142,1,1
0xd87EcC6C74F486B044824a222326A96F696fCfA2,1,25
0x0F45156F109e474295913D78036FA213b1745D5A,1,7
0xb2Cd50531bDAA4dD53c7451d697666483a402fB3,1,1
0xb2Cd50531bDAA4dD53c7451d697666483a402fB3,2,1
0xb2Cd50531bDAA4dD53c7451d697666483a402fB3,3,1
0xb2Cd50531bDAA4dD53c7451d697666483a402fB3,4,1
0xb2Cd50531bDAA4dD53c7451d697666483a402fB3,5,1
0xb2Cd50531bDAA4dD53c7451d697666483a402fB3,6,1
0xC2f39bFCDee4C4c33359edBa8fB3C4cfa044E8fB,1,1
0xC2f39bFCDee4C4c33359edBa8fB3C4cfa044E8fB,2,1
0xb8B01693909ce747EC5fc66a0A04A88ac77C0ADa,1,1
0x73C857d26161c7B11bC1442b304919fCBc5002A7,1,1
0x68b2dEB1564F60f9c8224848293A39c49dF721E1,1,4
0x68b2dEB1564F60f9c8224848293A39c49dF721E1,2,1
0x68b2dEB1564F60f9c8224848293A39c49dF721E1,3,1
0x68b2dEB1564F60f9c8224848293A39c49dF721E1,4,1
0x25A2689E00F3aD439e629B3aa92395D5cd1402E5,2,2
0x4Ea6415289Cf688f8A19381e1a9Af213d2510454,2,1
0x6872Dd4B1B1BBB2B61869c22735E13C515ED34Bd,2,2
0x2d56F14F7623fa1Ab587e06a630E82dAa1425631,2,4
0x8b74C4aA9d92672982940e67C8015e587f3EA0B5,2,1
0x2c4Cd67F2d6349B4641A5278aFfD4CC13b50e12A,2,3
0xE53D3f2B99FE0Ed6C05977bC0547127836f0D78d,2,1
0x64B641Ac303CF288dfe13d5Be7E26B9Fc49a830A,2,2
0x86F5e4C103D72A7239BA17d691Af23716F2D5C92,2,1
0x4F08D188C774D6d32335b7B2be272AF0057f6FE4,2,1
0xaCBfD0B900f0d3928784E010bEe424cf11D0418F,2,1
0x6CCd500694d477F4ed988186eBAEea5B8BD7a94A,2,1
0xe12c849046d447e60E6Fb47bacA6Dc8561D3Cbf7,2,1
0xBAE6379ACaEe0FD0d5922CABa1895292533B6FB9,2,1
0xBAE6379ACaEe0FD0d5922CABa1895292533B6FB9,4,1
0xD59586b52f6F8c90C04c2B9718bE7b2ac7D6Cc61,2,1
0xB96007Fd8E0ee360d404f01566f412e535469F15,2,1
0xfa7c11e9e2D4fCd0f4646515a17289f5892a40B7,2,1
0xE59af27400686420d82D8b2ca698D6C5873f78A4,2,1
0xd3Be0fB7a3E8B5F6196E9f33843ce4B1d5deb4E4,2,1
0x625c2020E8b66D624d04aFe687B4fE7b05B601AF,3,1
0x9c4b88fBE06b6B1E461d9D294ecB7FB0c841dB4f,3,1
0xec8e3A07d6c5c172e821588EF1749b739A06b20E,3,1
0xbC4F95C879dED0a259188B42F3567F4e01dcb619,3,1
0xC94A5180e638d1704EEACCc3DF08Fa0982Bd7ac9,3,1
0x17451598Bf282dA2367E3FD1823F871f4b42B9F9,3,1
0xd36d6C7e44C0c4479DD7E48097Fa897E35c5Eddb,3,1
0x156F25C6dAFc2628B3C0F4d6Aed4057CEF5358d3,3,1
0xEB4652163f76430a369977C33c4C6570aC1CB084,3,1
0xAb1d7D0eD74f6C513915F4368B734bB3C456c958,3,1
0xAb1d7D0eD74f6C513915F4368B734bB3C456c958,4,1
0xAb1d7D0eD74f6C513915F4368B734bB3C456c958,5,1
0xAb1d7D0eD74f6C513915F4368B734bB3C456c958,6,1
0xEb332A4448352582c90d3962012C06d77e69586D,3,1
0xEb332A4448352582c90d3962012C06d77e69586D,4,1
0x24e32bB964721dFAC9DEE9E9FF71Ac476652E8eF,4,1
0x421A8C6b67b3296686e97234f70CE15F06E1bF7B,4,1
0xc1943E61d362A17fc6100908d16fAfD5348B376a,4,1
0x0BdA0F33311E65379461D0A555BbD7669c0eaA22,4,1
0x1A8d83Ec4b1DA292F1075a8C81b50A8948fCcA28,4,1
0x5B3067C5e26fEC823d6fBf8F315e43632658D2F6,4,3
0xd17df77E701fA098835a34dCC79ff6da0b07a3e0,5,1
0x7ACEB8Ec7232452c67e6dDD0737805d6875c26c0,5,2
0x1a3B3B326850E3b0d1cbe6f93ba732021E243EDD,5,1
0x1563C4751Ad2be48Fd17464B73585B6ba8b6A5f0,5,1
0x0492A80d26Ed93742F2a0b67600A774c7cC1A22e,5,1
0xfE297522323DB0DFbe9b2889BD7a9f2E607120b9,5,1
0xAB031dD0A55058794DCa22b01941eF9A299176c1,5,1
0x91f4e48384F775B819C77C4901Db6CA6e2E92B80,5,2
0x1B0A9fc38bc94B34F510aD93Eb341A0AC021da93,5,1
0x76E22aae8dAbEF47Fc9049522C8c24a4eeF451DE,5,1
0x3fBd3df54ece58BE3719647C9e5BCA719Ae5CbC4,6,1
