address,Treasures
0x6ffbb6C376d0cf590289671D652Ae92213614828,6
0xE66b9c6b6363195E75F806bf5519e578F02114cE,6
0x06F9e5F8F5c170B9EEce58676D932BcC398F52e5,5
0xC169FD8055Ad90A4E40b4106b570D0d59db6A2d8,5
0x00aB97c782c661fb3D08C96dce06176938101211,3
0xd142aB6D8E7B3C7b2EfbDa250158cFA2b8680d63,3
0x358C8B4836006235680367d70D9D148955b24154,3
0xD3d20F2D89922311F87Cd954691102f475833770,3
0xD473781816837C7cd2FADC34E66F09786D2E2694,2
0x2E128BbAf2cf7F1523a434128D91c642C5C7efAd,2
0xAd8C6cad4d9C7Aef18444982AE88b3eCa941dF58,2
0x0db19222F6f894bE3FDDa1Dc89fB4Bd97bECFcF5,2
0x5aF270304fc52cA1feea3357cF0Fe89CAEa5ECd9,2
0xFC961534a0A55b925dB2c5ee546c8A019c0D78d5,2
0x5ca642d0138f8fa36f4ec6311190825392246AdA,2
0x9CF40f5fB40626E3B242049da8C7e013C0CddC19,2
0xB513cBaEF08372756b492d470B3fCA967EC93F56,1
0xeEB072ecbe68bD123888A60cafD4c8C4fa02c65B,1
0x4476ADbc2BAbA6B54c8e510981FA9eCD26Be3F73,1
0x9231bB34bc0a7c9bFd33C5456f8ed78e1B64d93A,1
0x13c0CE1b341Cc4f0efadA8093f6081AFF0Bfeb80,1
0x22138A0CFf84952C018cbcBF5650149017d6b292,1
0xFF332CcffBeA2F3b45C933063e308fe0FeAFA95d,1
0x5786Ec177Be57110cec0cD1b742BDacD6e1fb42e,1
0x41a6ac7f4e4DBfFEB934f95F1Db58B68C76Dc4dF,1
0x161e282653B87d5d71fD15d0ca15966154C63259,1
0x7749876413881F2AbF4a196A01bF5C0E49958BAE,1
0x83D536038B9b1366c47A7d0D7FF6C9B129C92E83,1
0x096E182e1e574A63324eac77a12ba0ae6F4A5E1a,1
0x1467E4395F401e72877A46EdEd3DE6bFD714C572,1
0x9F1CfC94feC8826B7e546CB77b6f7C2707B2Bf98,1
0xadEa3Af062Df0de0c29e67D001D0859cd738BCcD,1
0x4533E03d983Fae04741131C5f7cB35F1b32A1ACD,1
0x4dfEeD0bE6B9357583C4B1eA2979acf933DaE7dF,1
0x546ACE3Eea396c1656867499b72741E414fe6116,1
0x44d19f3DA0FcB4b4dD4BaaAd77ad35E962f6B921,1
0x69f47bb74b855Ada42237E82E65CD724764fabAa,1
0x056d952F9273B2C10A473cD8088BDFa355b10B6D,1
0x65Ea1984d8ce3A856750B469ee7aC7639070d65C,1
0x3F01FA6e75f9d0477108F994400280b71915Bf56,1
0x2cb41daE86a2380E07bcCDcaba26f68e150aBD38,1
0x2B87BBeA6f8dbDD861399E4c8930041fe2aE5AeC,1
0xdC96Dc73c2321400AeE24761Ce43F8C6eF33A10e,1
0xb2Cd50531bDAA4dD53c7451d697666483a402fB3,1
